publishedAt,title,description,source
2026-03-26T23:52:19Z,"Asia-Pacific markets set to fall, tracking losses on Wall Street despite extended peace talks",Asia-Pacific markets were set to open lower Friday as investors parse the contradictory messaging on the Middle East from the U.S. and Iran.,CNBC
2026-03-26T23:02:00Z,"From beer to cosmetics, Asia feels full force of war-fuelled energy crisis","IRAN-CRISIS/COMPANIES (REPEAT, PIX, TV):RPT-From beer to cosmetics, Asia feels full force of war-fuelled energy crisis",Livemint
2026-03-26T23:00:00Z,Washington Stress-Tests $200 Oil as War Risk Mounts,"The U.S. federal government is modeling a scenario with crude oil at $200 per barrel to see what the potential fallout of such a price surge would be for the U.S. economy. The news, reported by Bloomberg and coming from unnamed officials, comes on top of cont…",OilPrice.com
2026-03-26T23:00:00Z,‘Protect people from price shocks’,"PETALING JAYA: Putrajaya could have managed the recent diesel price hikes more effectively to shield the public from sudden inflationary shocks, says Datuk Seri Dr Wee Ka Siong. Read full story",The Star Online
2026-03-26T23:00:00Z,"Jefferson, Economic Outlook and Energy Effects","Thank you, Donald, for the kind introduction.  1     I am honored to be here in Dallas. I very much enjoyed my time today meeting with community members and he",Federalreserve.gov
2026-03-26T22:11:13Z,Will Trump Put Boots on the Ground in Iran?,Thousands more U.S. troops are heading to the Middle East.,Foreign Policy
2026-03-26T22:00:00Z,War Could Soon Force Oil Prices To Catch Up with the Massive Supply Loss,"The oil market may be sleepwalking into a significant move higher if the Strait of Hormuz remains blocked beyond March. The massive loss of supply from the Middle East has already reverberated through Asia, which depends on oil and gas from the Gulf and which…",OilPrice.com
2026-03-26T21:53:13Z,"Yemen's Houthis ready to join Iran war if needed, raising new shipping risk","Yemen's Iran-aligned Houthi movement, whose attacks on the Red Sea caused international shipping and trade chaos during the Gaza war, stands ready to strike ‌the key waterway again in solidarity with Tehran, one Houthi leader told Reuters, a move that would d…",Japan Today
2026-03-26T21:50:26Z,Southeast Asia revisits nuclear power plans for AI data centers,Nuclear power is getting a second look in Southeast Asia as countries prepare to meet surging energy demand as they vie for artificial intelligence-focused data centers. Several Southeast Asian nations are reviving mothballed nuclear plans and setting ambitio…,Japan Today
2026-03-26T21:05:45Z,Trump extends his deadline for Iran to reopen the Strait of Hormuz to April 6,"Trump once again chickened out, this time offering Iran an extension until April 6 to reopen the vital oil pathway.",Fortune
2026-03-26T20:54:10Z,The AI Boom Wasn’t Built for the Polycrisis,The AI Boom Wasn’t Built for the Polycrisistheatlantic.com,The Atlantic
2026-03-26T20:41:25Z,"Bitcoin, Ethereum Slip as Trump Says He's 'Not Desperate' to End Iran War",Bitcoin fell alongside stocks as investors weighed conflicting accounts regarding Iran’s willingness to end conflict in the Middle East.,Decrypt
2026-03-26T20:39:33Z,"Distant conflict, local crisis: is this oil shock the wake-up call NZ needed?","As prices surge, the Middle East crisis highlights New Zealand’s exposure to global oil – and the need to accelerate more resilient alternatives.",The Conversation Africa
2026-03-26T20:30:05Z,Oil: Nearly 6% jump in prices with Brent at $108 and uncertainty growing,"Continued tension in the Middle East pushed crude to a new high of nearly 6%, with markets worried about new supply disruptions and prolonged energy instability
The post Oil: Nearly 6% jump in prices with Brent at $108 and uncertainty growing appeared first o…",Protothema.gr
2026-03-26T20:17:33Z,Oil Climbs as Hormuz Disruption Deepens,Oil surged as uncertainty over Iran talks and Strait of Hormuz disruptions intensified supply concerns.,Rigzone
2026-03-26T20:11:06Z,'I don't care': Trump denies he's 'desperate' to make a deal with Iran,"The US president instead insisted that Tehran was “begging”, despite Iran’s denials.",TheJournal.ie
2026-03-26T20:07:49Z,"US stocks today: Dow Jones slumps 470 points, Nadsaq, S&P over 1% as Iran war uncertainty spooks investors","Wall Street indexes plunged Thursday, with the Nasdaq confirming a correction amid escalating U.S.-Iran tensions. Soaring oil prices and inflation fears drove the sell-off, as investors grappled with fog of war uncertainty. Tech and communications stocks le…",The Times of India
2026-03-26T19:41:25Z,Lockdown 2.0: The IEA Has Released 10 Guidelines To Help The Public Prepare For The Coming Fuel Shortages And “Energy Lockdowns”,"Are we really going to go through this again? It appears that the Iranians are absolutely determined to keep traffic through the Strait of Hormuz paralyzed until they get what they want. In order to reopen the Strait of Hormuz, an absolutely massive military …",Theeconomiccollapseblog.com
2026-03-26T19:41:05Z,How High Could Energy Prices Go?,Jason Bordoff on the winners and losers from conflict in the Middle East.,Foreign Policy
2026-03-26T19:08:34Z,"With Hormuz still shut, options market signals rising risk of $150 oil",Traders are making significant bets on Brent crude oil prices soaring to $150 a barrel by April end. This surge is driven by ongoing conflict in the Middle East disrupting supplies through the Strait of Hormuz. Options trading shows a tenfold increase in such…,The Times of India
2026-03-26T18:58:29Z,Nayara hikes fuel price on higher costs,"Nayara Energy has increased petrol and diesel prices. This move follows a surge in international crude oil costs due to the Middle East conflict. Dealers are planning protests against the price hike and have reported curtailed fuel supplies. Meanwhile, Relian…",The Times of India
2026-03-26T18:52:16Z,Iran wants to charge ships for safe passage through Strait of Hormuz as blockade sends oil above $100: report,Iran is reportedly planning to charge ships for safe passage through the Strait of Hormuz as its effective blockade of the waterway has pushed oil above $100 a barrel in a historic global energy supply disruption.,New York Post
2026-03-26T18:30:00Z,Goldman: Oil Shock Will Hit Jobs,"The oil shock will soon show up where it usually does—jobs. Goldman Sachs warned that higher crude prices could cost the U.S. labor market around 10,000 jobs per month through the rest of the year, as elevated energy costs ripple through the broader economy. …",OilPrice.com
2026-03-26T18:28:57Z,Most powerful energy crisis in human history is looming – Putin envoy,"The EU and the UK are unprepared and face deindustrialization after rejecting Russian energy, Kremlin envoy Kirill Dmitriev has said Read Full Article at RT.com",RT
2026-03-26T18:18:03Z,World Bank steps up to help countries navigate Middle East crisis,The World Bank is actively assisting nations facing economic challenges from the Middle East conflict. Rising commodity prices and supply chain disruptions are impacting emerging markets. The institution is providing financial relief and policy expertise. It …,The Times of India
2026-03-26T18:12:14Z,Gas price twist: Emergency E15 waiver could change what you pay at the pump,"US gas price relief measures explained: The Trump administration is temporarily allowing the sale of E15 fuel, a blend with 15% ethanol, from May 1 to May 20 to offer relief at the pump amid rising gas prices. While intended to ease pressure, experts suggest …",The Times of India
2026-03-26T18:05:00Z,"Iran is 'begging to make a deal' to end war, says Trump, 'not me'","U.S. President Donald Trump used a televised cabinet meeting to try to sell Americans on the merits of the nearly four-week-old war against Iran, while downplaying its impact on the economy and the cost of living.",CBC News
2026-03-26T18:00:04Z,Iran and the U.S. harden their positions as Tehran tightens its grip on the Strait of Hormuz,"Iran and the United States appeared at an impasse Thursday, with each side hardening its position over talks and setting the stage for another potential escalation in the Middle East war.",PBS
2026-03-26T17:55:02Z,Analysis:Trump officials tout US energy dominance as global oil execs warn of supply crisis,"HOUSTON, March 26 : U.S. officials this week said the historic spike in fuel prices during the war in Iran will be short-term and trumpeted record U.S. production at an industry conference where oil executives and government officials from Asia, the Middle Ea…",CNA
2026-03-26T17:00:00Z,The Iran War Has Already Unleashed a $25 Billion Energy Repair Bill,"War in the Middle East has triggered severe global supply disruptions in oil and gas, with reported damage and shutdowns affecting liquefied natural gas (LNG) trains, refineries, fuel terminals and critical gas-to-liquids facilities across the region. Accordi…",OilPrice.com
2026-03-26T16:32:15Z,Trump Can't TACO His Way Out of Iran,"The president is good at backing out of a losing bet—but this time, it's out of his hands.",Reason
2026-03-26T16:30:28Z,"Bitcoin slips below $69,000 as oil rebounds on fading Middle East peace hopes","Crypto prices and risk assets remain at the mercy of macro headlines for now, one analyst said.",CoinDesk
2026-03-26T16:25:28Z,"Top Business & Market Headlines Today — BL Morning Report, March 27, 2026","BL Morning Report March 27, 2026: Get today’s top business news, market headlines about the Stock Market, Sensex & Nifty trends, key market insights, economic highlights, and the latest updates from India and global markets.",BusinessLine
2026-03-26T16:16:43Z,Americans face calls to cut their energy usage as Iran war drags on,"As oil prices surge, some experts are urging consumers to take energy-conserving steps like working from home or driving less.",CBS News
2026-03-26T16:11:45Z,Houthis Signal Red Sea Revival as Bab al-Mandab Emerges as Next Flashpoint,"Yemen's Houthi forces stand ready to strike the Bab al-Mandab Strait in solidarity with Iran, threatening to revive Red Sea shipping chaos. The move could deepen the global oil crisis as the strategic chokepoint controls traffic to the Suez Canal.",gcaptain.com
2026-03-26T16:00:00Z,School bus sector braces for new reality after holidays,"PETALING JAYA: The full impact of rising diesel prices on school bus operators is expected to surface once the school holidays end this week, with concerns mounting over costs that could eventually be passed on to parents. Read full story",The Star Online
2026-03-26T15:54:26Z,"Why is US stock market crashing today? Dow, Nasdaq, S&P 500 down as oil prices surge - here's why tech stocks falling faster than the broader market","US stock market crash today deepened as the Dow Jones Industrial Average fell 222 points, while the Nasdaq Composite dropped 1.11% and the S&P 500 lost 0.83%. Stocks are down sharply. Oil prices are rising fast. Brent crossed $100. This is driving fear. Inves…",The Times of India
2026-03-26T15:41:31Z,What does the oil shock mean for the economy?,"Higher import bill and a sharper decline in terms-of-trade would weaken the rupee further and push up inflation, too",BusinessLine
2026-03-26T15:34:15Z,Ahead of Market: 10 things that will decide stock market action on Friday,"Indian benchmark indices rallied for a second session, led by banks, auto and consumer stocks. Nifty climbed above 23,300 while Sensex reclaimed 75,000. Analysts see near-term bullish momentum, though global uncertainties, volatility and resistance levels may…",The Times of India
2026-03-26T15:00:00Z,Iran war tests Donald Trump’s tolerance for ‘pain’ in oil market,US president appears to make abrupt policy pivots based on swings in crude prices,The Irish Times
2026-03-26T15:00:00Z,Europe Faces Energy Scarcity If War Drags Into Summer,"Despite headlines saying that energy shortages could hit Europe by April, in reality, the continent has enough natural gas, renewables and coal to last it until summer, when energy demand picks up after a home heating reduction in spring due to warmer tempera…",OilPrice.com
2026-03-26T14:54:41Z,Ukraine Says It Attacked Russia's Kirishi Refinery,Ukraine said it targeted a key Russian export-oriented oil refinery in the Leningrad region overnight.,Rigzone
2026-03-26T14:43:49Z,Legendary investor Mohamed El-Erian warns that the economic impacts from the Iran war are about to hit a tipping point,"The economic fallout from the Iran war could hit a tipping point within several weeks if supply chains in Asia are further impacted, El-Erian said.",Business Insider
2026-03-26T14:40:58Z,British Airways to reward pilots for cutting fuel as airlines tackle higher costs,"Jet fuel prices surged about 106% compared to a month ago, according to data from the week ending March 20 via the International Air Transport Association.",CNBC
2026-03-26T14:39:37Z,"Energy Edits Newsletter for March 27, 2026","Stay informed with the latest Energy Edits newsletter covering global energy trends, geopolitical tensions, and India's evolving energy policies.",BusinessLine
2026-03-26T14:38:25Z,Trump warns Iran to ‘get serious’ on war talks,"President Trump warns Iran to engage in serious war talks ‘before it is too late,’ as Pakistan confirms facilitating indirect negotiations amid the conflic

Read More: https://punchng.com/trump-warns-iran-to-get-serious-on-war-talks/",The Punch
2026-03-26T14:36:00Z,Ukraine: US tied guarantees to Donbas withdrawal — Zelenskyy,"Ukrainian President Zelenskyy has said the United States linked future security guarantees to Kyiv's withdrawal from the Donbas region. The comments have gone down well in Russia, which is stepping up its offensive.",DW (English)
2026-03-26T14:30:00Z,Iran Earning $139 Million a Day From Oil as Hormuz Crisis Locks Out Rivals,"Iran’s oil exports have not collapsed and are fetching much higher prices than before the war, handing Tehran handsome extra revenues from its crude, which is the only one unimpeded from transiting the Strait of Hormuz. Unlike all other Gulf producers, Iran i…",OilPrice.com
2026-03-26T14:00:11Z,"Dow falls 250 points, oil jumps 4% as Trump warns Iran ‘better get serious soon’",US stocks fell Thursday morning as oil prices jumped 4% and President Trump warned Iranian negotiators they “better get serious soon” amid conflicting reports over peace talks.,New York Post
2026-03-26T13:54:47Z,Analysis: Why seizing Iran’s Kharg Island could be a trap of America’s own making,"A US attempt to seize Kharg Island, the Islamic Republic’s critical economic hub, would be a high-risk operation that would likely entail significant costs for little gain. Kharg is much more likely to become a liability than an asset, drawing the Trump admin…",Longwarjournal.org
2026-03-26T13:28:13Z,OECD lowers India’s FY27 growth outlook to 6.1% amid global uncertainty,"The OECD has lowered India's FY27 growth forecast to 6.1% due to global uncertainty and rising energy prices, despite expected support from reduced US tariffs. Inflation is projected to rise sharply to 5.1% in FY27, prompting the OECD to anticipate a temporar…",The Times of India
2026-03-26T13:25:30Z,US Recession 2026: Wall Street and CEOs warn — top indicators you need to watch,"US recession warning 2026: US recession fears are escalating as rising oil prices and global tensions, particularly the Middle East conflict, weigh on the economic outlook. Analysts now place recession probability between 30% and 40%, citing potential for pro…",The Times of India
2026-03-26T12:46:00Z,"Subsidies under Budi95, Budi Diesel have hit RM4bil per month, says Finance Ministry","PUTRAJAYA: The government is bearing petrol and diesel subsidies estimated at up to RM4bil a month under the Budi95 and Budi Diesel programmes due to the rise in global crude oil prices, says the Finance Ministry. Read full story",The Star Online
2026-03-26T12:30:00Z,What should mortgage borrowers do as uncertainty hits interest rates?,ICS Mortgages has increased its mortgage costs and the outlook for the market is entirely dependent on the Iran war,The Irish Times
2026-03-26T12:29:00Z,India sees spike in social media censorship amid Iran war,"Activists in India are sounding the alarm over the removal of content from social media, especially posts criticizing the government and its Iran war stance.",DW (English)
2026-03-26T12:17:10Z,What Does the Oil Futures Curve Show?,Rigzone talks to several analysts.,Rigzone
2026-03-26T12:13:23Z,"Crude Capitalism: Trump's War on Iran Disrupts Global Systems, from Agriculture to Oil to Shipping","The U.S. is threatening to intensify its bombardment of Iran as the country’s leadership rejects a 15-point U.S. proposal to end the war. Iran has issued a number of demands, including recognition of its sovereignty over the Strait of Hormuz. Since the war be…",Democracy Now!
2026-03-26T12:04:36Z,Iran and US harden positions as Tehran keeps its grip on Strait of Hormuz,"US president Donald Trump ‌said Iranian negotiators were ‘begging’ for ​a deal, ⁠as he rejected Tehran’s public stance",The Irish Times
2026-03-26T12:04:02Z,Posthaste: Gulf oil patch faces $25-billion repair bill — and that’s not the worst of it,"Recovery from the Iran war will take years, estimates Rystad energy, because of structural constraints that go beyond capital. Read more",Financial Post
2026-03-26T11:53:39Z,Iran And U.S. Harden Their Positions As Tehran Tightens Its Grip On The Strait Of Hormuz,"In an apparent effort to break the impasse on the strait, Israel said it killed Commodore Alireza Tangsiri, the head of Iranian Revolutionary Guard’s navy.",HuffPost
2026-03-26T11:49:51Z,An 800-year-old math principle may help find bottom to S&P 500's rout,Many equity traders look to a type of technical analysis to help identify bottoms for big market drops. Read on for what bulls should know.,Financial Post
2026-03-26T11:46:28Z,"5 Biggest Premarket and Early-Session Gainers Among S&P 500 on March 26, 2026","NEW YORK — S&P 500 futures declined Thursday as investors weighed persistent uncertainty over a potential de-escalation in the Middle East conflict, with oil prices remaining elevated and weighing on broader risk sentiment.",Ibtimes.com.au
2026-03-26T11:38:15Z,Iran and the US harden their positions as Tehran tightens its grip on the Strait of Hormuz,"Iran and the U.S. remain at an impasse over Middle East war talks, with both sides hardening positions. Thousands of U.S. troops are deploying as Iran tightens its grip on the Strait of Hormuz, exacting tolls for passage and impacting global oil prices. Heavy…",The Times of India
2026-03-26T11:34:21Z,Ukraine Says It Attacked Russia’s Major Baltic Refinery Kirishi,"Ukraine said it targeted a key Russian export-oriented oil refinery in the Leningrad region overnight, as Kyiv has carried out intensive attacks on Baltic energy infrastructure this week.",Financial Post
2026-03-26T11:31:02Z,Cathay Pacific to raise fuel surcharge on all flights by 34% from April 1,Hong Kong aviation giant Cathay Pacific announced Thursday it was raising fuel surcharges on all flights by 34 percent as a result of increasing oil costs due to the Middle East war.  It previously doubled fuel surcharges for most of its routes as a result of…,The Times of India
2026-03-26T11:30:48Z,Southeast Asia turns to nuclear as Iran war disrupts energy supplies,Analysts say the Iran war energy crisis is also adding momentum to nuclear interest and action in the region.,NPR
2026-03-26T11:30:00Z,Iraq's Economy Reels as Hormuz Blockade Chokes Oil Revenues,"Iraq is seeing the worst of the Middle East crisis as its heavily oil-dependent economy is now collapsing with the trickling oil revenues amid the blockage of the Strait of Hormuz.  Iraq, OPEC’s second-biggest oil producer behind Saudi Arabia, has done very l…",OilPrice.com
2026-03-26T11:11:52Z,"Iran is already charging a toll, in Yuan, for oil sold through Strait of Hormuz as American ground troops prepare to enter",Iran and the United States hardened their positions as a diplomatic push for a ceasefire in the Middle East war appeared to falter on Thursday.,Fortune
2026-03-26T10:55:48Z,Rystad Issues Oil Warning,"'The floor has moved up, so has the ceiling', Rystad Energy said.",Rigzone
2026-03-26T10:44:02Z,Crude oil at $120 could drag earnings growth to 11% from 16%: UBS flags 10 stocks to weather oil shock,Geopolitical tensions in the Middle East are creating headwinds for India's economy. Rising oil prices and market volatility are causing uncertainty about interest rates. This situation poses risks to corporate profits and market valuations. India's reliance …,The Times of India
2026-03-26T10:35:01Z,"Iran War: From beer to cosmetics, Asia feels full force of war-fuelled energy crisis","Iran war is causing widespread supply chain disruptions across Asia, leading to soaring prices for everyday goods like plastics, oil derivatives, and packaged foods. Factories are cutting production and facing raw material shortages, with consumers already re…",The Times of India
2026-03-26T10:25:38Z,"From beer to cosmetics, Asia feels full force of war-fuelled energy crisis","Asia, which relies more heavily on crude oil, gas, fuel and fertiliser ‌from the Middle East than other parts of the world, is the most vulnerable to supply disruption",BusinessLine
2026-03-26T10:20:21Z,China’s Official Calm Belies a War Battering Small Factories,"(Bloomberg) -- When China’s Premier Li Qiang stood before global executives in Beijing last weekend pledging stability for his nation’s economy, toy factory ...",Yahoo Entertainment
2026-03-26T10:11:00Z,'Ripple of fear' among households over Iran war price surge,"The Middle East conflict has prompted a major shift in UK household spending intentions as a ripple of fear has taken hold, according to a respected measure of consumer confidence.",Sky.com
2026-03-26T10:06:13Z,"Oil's new normal to be $80? Ambit downgrades HPCL, BPCL, IOC shares to 'Sell', slashes target price by up to 57%","Ambit Institutional Equities has downgraded HPCL, BPCL and IOC to ‘Sell’, citing sustained high crude prices and limited government support. It sees Brent crude stabilising around $80 to $100 per barrel, pressuring OMC margins, while favouring upstream and ga…",The Times of India
2026-03-26T09:49:59Z,"Iran plans to charge ships for safe passage through Strait of Hormuz, report says","Officials in Tehran have drafted legislation to create a toll system where ships pay for safe passage through the waterway, Iranian media reported.",CNBC
2026-03-26T09:42:05Z,Are Russia and China losing their grip on the Middle East?,"Why have Russia and China not acted more forcefully to protect Iran? Maria Papageorgiou argues that Moscow and Beijing’s inability to counterbalance US actions will have important implications for their … Continued
The post Are Russia and China losing their g…",Lse.ac.uk
2026-03-26T09:18:13Z,10 Products Hit Hardest by Price Spikes in Australia From US-Iran War as Fuel Shock Ripples,"The US-Iran war has driven sharp price increases across a range of everyday Australian products, with petrol and diesel leading the charge as oil prices surged past US$100 per barrel and the Strait of Hormuz disruptions choked off roughly 20% of global supply.",Ibtimes.com.au
2026-03-26T08:57:19Z,"Gold drops 2%, silver sheds over 4% as traders assess Iran-US ceasefire uncertainty, oil surge. What are experts saying?","Gold and silver prices declined sharply amid uncertainty over Iran-US tensions and rising oil prices, which clouded rate cut expectations. While geopolitical risks persist, shifting monetary outlook and elevated crude prices are weighing on bullion. Analysts …",The Times of India
2026-03-26T08:54:55Z,NBFCs turn cautious as West Asia war raises funding and credit concerns,"While the immediate impact of the ongoing war in West Asia remains limited, non-bank lenders believe the real risk lies in a prolonged conflict, which could trigger second-order effects across inflation, demand and credit cycles.",Livemint
2026-03-26T08:27:45Z,"Payments worth ₹2,000-₹25,000 crore pending, say Basmati rice exporters amid West Asia conflict","The ongoing conflict in West Asia has severely disrupted India's premium basmati rice exports, causing significant losses to traders and threatening the livelihoods of farmers. According to a Bhopal-based businessman, consignments of Premium 1121 Basmati rice…",BusinessLine
2026-03-26T08:27:16Z,"Stocks fall, oil gains amid conflicting reports of US-Iran talks","Asian shares fell 1 per cent, snapping two-day gain",The Irish Times
2026-03-26T08:25:22Z,Fuel Prices Jump 22% in Thailand After Subsidies Slashed,Millions of motorists across Thailand woke up Thursday to the steepest fuel-price increases in decades after the government moved to rein in subsidies strained by surging global oil costs.,Financial Post
2026-03-26T08:01:12Z,Electronic warfare in the Persian Gulf: How GPS interference is disrupting the Middle East,"Since the start of the U.S.-Israel war with Iran on Feb. 28, interference with location-based services has disrupted life across the Persian Gulf.",CNBC
2026-03-26T07:59:00Z,"Iran, US harden their positions as Tehran keeps its grip on Strait of Hormuz","Iran is instituting a “de facto toll booth' regime”, industry experts say, with some ships paying in Chinese yuan to pass through the strait, where 20 per cent of all traded oil and natural gas is transported in peacetime",BusinessLine
2026-03-26T07:49:34Z,Trump to Travel to China on May 14-15 for Summit With Xi,"President Donald Trump and Chinese leader Xi Jinping will hold their highly anticipated summit in Beijing on May 14-15, following a delay that brought fresh uncertainty to relations between the world’s largest economies.",Financial Post
2026-03-26T07:45:47Z,Iran grants India access to Strait of Hormuz,"TEHRAN: Iran has allowed friendly nations, including India, China, Russia, Iraq, and Pakistan, to transit through the strategic Strait of Hormuz. The announcement was confirmed by the Iranian Consulate in Mumbai, with Iranian diplomat Abbas Araghchi stating t…",Khabarhub.com
2026-03-26T07:42:41Z,Marcos sees 'reset' in PH-China ties amid global shifts,"President Ferdinand R. Marcos Jr. said a reset in Philippine-China relations may be inevitable as global geopolitical dynamics continue to shift, while reiterating Manila's position against war amid the ongoing Middle East conflict.",Globalsecurity.org
2026-03-26T07:40:59Z,Oil up as investors reassess MidEast ceasefire prospects,"Oil rose about 2% today, clawing back losses from the previous session on concerns that protracted fighting in the Middle East will further disrupt energy flows.",RTE
2026-03-26T07:24:09Z,Steel ministry seeks intervention for mills facing LPG shortages,"Union steel ministry has ​sought assistance from the oil ministry ‌to ensure that steel plants are ​not affected by liquefied ⁠petroleum gas shortages, a source with direct knowledge of the matter told Reuters on ‌Thursday.",BusinessLine
2026-03-26T07:22:09Z,"India's steel ministry seeks intervention for mills facing LPG shortages, source says",India's steel ministry is asking the oil ministry for help. Steel plants face liquefied petroleum gas shortages. Shipments from the Middle East are disrupted. This crisis threatens production halts. It could impact jobs and future investments. India has prior…,The Times of India
2026-03-26T07:08:06Z,Ukraine Hits Russia's Ports Again As Fighting Intensifies Amid Stalled Peace Talks,"Ukraine launched hundreds of drones at Russian targets early on March 25, hitting a major port in a spike in fighting as peace talks appear to stall despite an attempt by Kyiv to revive them in Florida last weekend.",Globalsecurity.org
2026-03-26T07:00:35Z,Israel strikes Iran as Trump says Tehran wants deal to end war,"Israel launches wide-scale strikes on Iran, escalating the conflict despite Trump’s claims that Tehran is secretly negotiating a deal to end the war.

Read More: https://punchng.com/israel-strikes-iran-as-trump-says-tehran-wants-deal-to-end-war/",The Punch
2026-03-26T06:56:47Z,"Iran, Trump and Strait of Hormuz – Who Is the “Bad Guy”?","“Let me get one thing straight: Egypt charges $200,000 to $700,000 per transit through the Suez Canal. 
Large container ships or tankers can exceed $1 million. Panama charges $100,000-$450,000 per transit. 
Large Neopanamax vessels cost up to $500,000 to tran…",Globalresearch.ca
2026-03-26T06:48:41Z,Trump: Iran really wants a deal but is afraid to say so — Injuries after barrage of missile attacks on Israel (Update),"The statement, in which Tehran hints that the U.S. is ‘negotiating with itself,’ was issued following reports that Washington has prepared a 15-point plan to end the war – Oil prices fell this morning
The post Trump: Iran really wants a deal but is afraid to …",Protothema.gr
2026-03-26T06:22:09Z,"From India to South Korea, Asia is getting crushed between oil prices and the dollar amd Iran war","Iran War: Asian economies are struggling as a surging dollar, driven by Middle East conflict and investor flight to safety, weakens their currencies. This exacerbates already high energy costs, with countries like India and South Korea facing significant econ…",The Times of India
2026-03-26T06:16:15Z,"The oil market is in 'backwardation,' analysts say. Here’s what that means for energy prices",Oil prices have been rocked by volatility since the U.S.-Iran war began.,CNBC
2026-03-26T06:15:52Z,Southeast Asia revisits nuclear power plans for AI data centers as Iran war disrupts,Nuclear power is getting a second look across Southeast Asia to prepare for surging demand for power for artificial intelligence-focused data centers,Abcnews.com
2026-03-26T06:11:44Z,"Commodity Radar: Volatile crude has limited near-term upside, says Religare analyst; bull and base-case scenarios decoded","Crude oil prices surged past $100 a barrel after Iran rejected President Trump's claims of peace talks, reversing Wednesday's sharp decline. Markets are expected to open higher, mirroring gains in international markets. Analysts suggest limited upside potenti…",The Times of India
